Amplicon,Position,Primer,cutadapt
69,21322 21352,SARS-CoV-2_69,XATGTCATGCATGCAAATTACATATTTTGGA...CTCAGTTTTACATTCAACTCAGGACTX
70,21759 21607,SARS-CoV-2_70,XTTTATTGCCACTAGTCTCTAGTCAGTGT...CGCTACTAATGTTGTTATTAAAGTCTGTGAATTX
71,21866 21894, SARS-CoV-2_71,XGAGGCTGGATTTTTGGTACTACTTTAGA...TGGTAGATTTGCCAATAGGTATTAACATX
72,22156 22189,SARS-CoV-2_72 ,XGGTTATTTTAAAATATATTCTAAGCACACGCCT...GAGTCCAACCAACAGAATCTATTGTTAGATX
73,22466 22494,SARS-CoV-2_73,XCGTTGAAATCCTTCACTGTAGAAAAAGG...AGATGATTTTACAGGCTGCGTTATAGCX
74,22742 22774,SARS-CoV-2_74,XATGTCTATGCAGATTCATTTGTAATTAGAGGT...GCACCAGCAACTGTTTGTGGAX
75,23078 23109,SARS-CoV-2_75,XAACCATACAGAGTAGTAGTACTTTCTTTTGA...CCTACTTGGCGTGTTTATTCTACAGGX
76,23229 23258,SARS-CoV-2_76,XCAAAAAGTTTCTGCCTTTCCAACAATTTG...GGGCACGTAGTGTAGCTAGTCAX
77,23563 23589,SARS-CoV-2_77,XGCAGGTATATGCGCTAGTTATCAGAC...GTCAAACAAATTTACAAAACACCACCAATTX
78,23823 23853,SARS-CoV-2_78,XGCAATATGGCAGTTTTTGTACACAATTAAA...CTTCTGGTTGGACCTTTGGTGCX
79,24160 24189,SARS-CoV-2_79,XGATGAAATGATTGCTCAATACACTTCTGC...CAAATTGATAGGTTGATCACAGGCAX
80,24442 24468,SARS-CoV-2_80,XACGCTTGTTAAACAACTTAGCTCCAA...GAAAAGCACACTTTCCTCGTGAAGX
81,24751 24774,SARS-CoV-2_81,XCATGTGACTTATGTCCCTGCACA...AATGAGGTTGCCAAGAATTTAAATGAATCTCX
82,25053 25082,SARS-CoV-2_82,XTGATTTAGGTGACATCTCTGGCATTAATG...GAACTGTAACTTTGAAGCAAGGTGAAATCX
