Amplicon,Position,Primer,cutadapt
71,21294 21316 ,SARS-CoV-2_71,XGGCAAACCACGCGAACAAATAG...CCCTGACAAAGTTTTCAGATCCTCAX
72, 21532 21561 ,SARS-CoV-2_72 ,XGTGATGTTCTTGTTAACAACTAAACGAAC...CAGTCCCTACTTATTGTTAATAACGCTACX
73,21865 21889 ,SARS-CoV-2_73 ,XAGAGGCTGGATTTTTGGTACTACT...TGCCAATAGGTATTAACATCACTAGGTX
74, 22091 22113, SARS-CoV-2_74 ,XTGGACCTTGAAGGAAAACAGGG...TCCTTCACTGTAGAAAAAGGAATCTATCAX
75,22402 22428 ,SARS-CoV-2_75 ,XGAAAATGGAACCATTACAGATGCTGT...ACAAATCGCTCCAGGGCAAAX
76,,SARS-CoV-2_76_alt1,XATGTCTATGCAGATTCATTTGTAATTAGAGGT...CACCAGCAACTGTTTGTGGACX
77,22944 22974 ,SARS-CoV-2_77 ,XCAAACCTTTTGAGAGAGATATTTCAACTGA...CATGTTCTTTTGGTGGTGTCAGTGX
78,23219 23246 ,SARS-CoV-2_78,XCTGAGTCTAACAAAAAGTTTCTGCCTT...GCACGTAGTGTAGCTAGTCAATCCX
79, 23553 23575 ,SARS-CoV-2_79 ,XACCCATTGGTGCAGGTATATGC...GTCAAACAAATTTACAAAACACCACCAATTX
80, 23853 23876 ,SARS-CoV-2_80 ,XCCGTGCTTTAACTGGAATAGCTG...GTGCTGCATTACAAATACCATTTGCX
81,24171 24194 ,SARS-CoV-2_81 ,XTGCTCAATACACTTCTGCACTGT...GGTTGATCACAGGCAGACTTCAX
82,24426 24448 ,SARS-CoV-2_82 ,XTGCACAAGCTTTAAACACGCTT...GGAAAAGCACACTTTCCTCGTGX
83,24750 24772 ,SARS-CoV-2_83,XGCATGTGACTTATGTCCCTGCA...TGAGGTTGCCAAGAATTTAAATGAATCTX
84, 25051 25076 ,SARS-CoV-2_84 ,XGTTGATTTAGGTGACATCTCTGGCA...AGCAAGGTGAAATCAAGGATGCTX
